Vb-droof,FALSE
Vb-dfloor,FALSE
Sd-Sa,TRUE
Periods [s],1.612
Heights [m],30.66
Gamma participation factors,1.292
Sdy [m],0.0808327105983
Say [g],0.52572774338
Sd1 [m],0.0,0.0808327105983,0.181109592703,0.694821816226,0.727769990712
Sa1 [g],0.0,0.52572774338,0.52572774338,0.0229569869251,0.0229569869251
