Vb-droof,FALSE
Vb-dfloor,FALSE
Sd-Sa,TRUE
Periods [s],1.257
Heights [m],2.82
Gamma participation factors,1.307
Sdy [m],0.0655849951755
Say [g],18.4882312522
Sd1 [m],0.0,0.0655849951755,0.113782670987,0.125443970184,0.133421576129
Sa1 [g],0.0,18.4882312522,18.4882312522,18.4882312522,17.6527586693
